{"cameraMode":{"drawMode":0,"name":"Shaded","section":"Shading Mode"},"sceneLighting":true,"audioPlay":false,"sceneViewState":{"showFog":true,"showMaterialUpdate":false,"showSkybox":true,"showFlares":true,"showImageEffects":true,"showParticleSystems":true},"in2DMode":false,"pivot":{"x":1089.4119873046875,"y":58.6604118347168,"z":-58.394134521484378},"rotation":{"x":-0.10686666518449784,"y":-0.279986172914505,"z":0.03137882798910141,"w":-0.9535212516784668},"size":544.6442260742188,"orthographic":false}